{"IsConnected":true,"Music":0.200000033,"Effects":0.400000036}