{"Music":0.200000033,"Effects":0.200000033}