{"Music":2.98023224E-08,"Effects":2.98023224E-08}